{"cameraMode":{"drawMode":0,"name":"Shaded","section":"Shading Mode"},"sceneLighting":false,"audioPlay":false,"sceneViewState":{"m_AlwaysRefresh":false,"showFog":true,"showSkybox":false,"showFlares":true,"showImageEffects":true,"showParticleSystems":true,"showVisualEffectGraphs":true,"m_FxEnabled":true},"in2DMode":false,"pivot":{"x":-11.673678398132325,"y":-0.7913079261779785,"z":0.21499013900756837},"rotation":{"x":0.1420840620994568,"y":0.8296452164649963,"z":-0.4812107980251312,"w":0.24495254456996919},"size":10.821928977966309,"orthographic":false}