{"cameraMode":{"drawMode":0,"name":"Shaded","section":"Shading Mode"},"sceneLighting":false,"audioPlay":false,"sceneViewState":{"m_AlwaysRefresh":false,"showFog":true,"showSkybox":false,"showFlares":true,"showImageEffects":true,"showParticleSystems":true,"showVisualEffectGraphs":true,"m_FxEnabled":true},"in2DMode":false,"pivot":{"x":6.407580375671387,"y":3.766808032989502,"z":-17.879318237304689},"rotation":{"x":0.11115248501300812,"y":0.2878224551677704,"z":-0.033653806895017627,"w":0.9506171345710754},"size":14.659871101379395,"orthographic":true}